{
    "outputs": {
        "Bangladesh": 1,
        "Pakistan": 2,
        "Afghanistan": 3,
        "Armenia": 2,
        "Bhutan": 2,
        "Cambodia": 2,
        "Sri Lanka": 2,
        "India": 2,
        "Korea": 2,
        "Nepal": 1,
        "Timor-Leste": 1,
        "Lao PDR": 54,
        "Tajikistan": 47,
        "Kyrgyzstan": 22,
        "Phillipines": 35,
        "Indonesia": 24,
        "Myanmar": 12
},
    "indicators": {
        "Bangladesh": 30,
        "Pakistan": 80,
        "Afghanistan": 66,
        "Armenia": 23,
        "Bhutan": 1,
        "Cambodia": 94,
        "Sri Lanka": 19,
        "India": 24,
        "Korea": 14,
        "Nepal": 4,
        "Timor-Leste": 36,
        "Lao PDR": 25,
        "Tajikistan": 1,
        "Kyrgyzstan": 12,
        "Phillipines": 42,
        "Indonesia": 8,
        "Myanmar": 4
},
    "beneficiaries": {
        "Bangladesh": 2000000,
        "Pakistan": 2350000,
        "Afghanistan": 7845600,
        "Armenia": 122350,
        "Bhutan": 45550,
        "Cambodia": 100890,
        "Sri Lanka": 244570,
        "India": 4318200,
        "Korea": 26500,
        "Nepal": 88000,
        "Timor-Leste": 45400,
        "Lao PDR": 545800,
        "Tajikistan": 47300,
        "Kyrgyzstan": 24200,
        "Phillipines": 35700,
        "Indonesia": 24400,
        "Myanmar": 12000
}
}
