{
    "Bangladesh": {
        "outputs": 1,
        "indicators": 30,
        "beneficiaries": 2000000
        },
    "Pakistan": {
        "outputs": 2,
        "indicators": 80,
        "beneficiaries": 2350000
        },
    "Afghanistan": {
        "outputs": 3,
        "indicators": 66,
        "beneficiaries": 7845600
        },
    "Armenia": {
        "outputs": 2,
        "indicators": 23,
        "beneficiaries": 122350
        },
    "Bhutan": {
        "outputs": 2,
        "indicators": 1,
        "beneficiaries": 45550
        },
    "Cambodia": {
        "outputs": 2,
        "indicators": 94,
        "beneficiaries": 100890
        },
    "Sri Lanka": {
        "outputs": 2,
        "indicators": 19,
        "beneficiaries": 244570
        },
    "India": {
        "outputs": 2,
        "indicators": 24,
        "beneficiaries": 4318200
        },
    "Korea": {
        "outputs": 2,
        "indicators": 14,
        "beneficiaries": 26500
        },
    "Nepal": {
        "outputs": 1,
        "indicators": 4,
        "beneficiaries": 88000
        },
    "Timor-Leste": {
        "outputs": 1,
        "indicators": 36,
        "beneficiaries": 45400
        },
    "Lao PDR": {
        "outputs": 54,
        "indicators": 25,
        "beneficiaries": 545800
        },
    "Tajikistan": {
        "outputs": 47,
        "indicators": 1,
        "beneficiaries": 47300
        },
    "Kyrgyzstan": {
        "outputs": 22,
        "indicators": 12,
        "beneficiaries": 24200
        },
    "Phillipines": {
        "outputs": 35,
        "indicators": 42,
        "beneficiaries": 35700
        },
    "Indonesia": {
        "outputs": 24,
        "indicators": 8,
        "beneficiaries": 24400
        },
    "Myanmar": {
        "outputs": 12,
        "indicators": 4,
        "beneficiaries": 12000
        }
}
