{
    "OUTPUTS": {
        "Bangladesh": 14,
        "Pakistan": 69,
        "Afghanistan": 78,
        "Armenia": 12,
        "Bhutan": 4,
        "Cambodia": 100,
        "Sri Lanka": 24,
        "India": 48,
        "Korea": 65,
        "Nepal": 34,
        "Timor-Leste": 45,
        "Lao PDR": 54,
        "Tajikistan": 47,
        "Kyrgyzstan": 22,
        "Phillipines": 35,
        "Indonesia": 24,
        "Myanmar": 12
},
    "INDICATORS": {
        "Bangladesh": 30,
        "Pakistan": 80,
        "Afghanistan": 66,
        "Armenia": 23,
        "Bhutan": 1,
        "Cambodia": 94,
        "Sri Lanka": 19,
        "India": 24,
        "Korea": 14,
        "Nepal": 4,
        "Timor-Leste": 36,
        "Lao PDR": 25,
        "Tajikistan": 1,
        "Kyrgyzstan": 12,
        "Phillipines": 42,
        "Indonesia": 8,
        "Myanmar": 4
},
    "BENEFICIARIES": {
        "Bangladesh": 1442,
        "Pakistan": 6941,
        "Afghanistan": 78457,
        "Armenia": 12235,
        "Bhutan": 4555,
        "Cambodia": 10089,
        "Sri Lanka": 24457,
        "India": 43182,
        "Korea": 265,
        "Nepal": 88,
        "Timor-Leste": 454,
        "Lao PDR": 5458,
        "Tajikistan": 473,
        "Kyrgyzstan": 242,
        "Phillipines": 357,
        "Indonesia": 244,
        "Myanmar": 120
}
}
